Time(ms),X,Y,Area
135756,, ,Model
135767,, ,Model
135777,, ,Model
135788,, ,Model
135801,, ,Model
135811,, ,Model
135822,, ,Model
135832,, ,Model
135843,, ,Model
135854,, ,Model
135866,, ,Model
135876,, ,Model
135887,, ,Model
135901,, ,Model
135911,, ,Model
135922,, ,Model
135933,, ,Model
135943,, ,Model
135953,, ,Model
135967,, ,Model
135978,, ,Model
135989,, ,Model
136000,, ,Model
136011,, ,Model
136021,, ,Model
136033,, ,Model
136044,, ,Model
136056,, ,Model
136067,, ,Model
136078,, ,Model
136088,, ,Model
136101,, ,Model
136111,, ,Model
136122,, ,Model
136134,, ,Model
136144,, ,Model
136155,, ,Model
136166,, ,Model
136177,, ,Model
136188,, ,Model
136200,, ,Model
136210,, ,Model
136221,, ,Model
136233,, ,Model
136244,, ,Model
136254,, ,Model
136267,, ,Model
136277,, ,Model
136288,, ,Model
136300,, ,Model
136311,, ,Model
136322,, ,Model
136334,, ,Model
136345,, ,Model
136355,, ,Model
136367,, ,Model
136377,, ,Model
136387,, ,Model
136400,, ,Model
136411,, ,Model
136422,, ,Model
136433,, ,Model
136443,, ,Model
136453,, ,Model
136466,, ,Model
136477,, ,Model
136488,, ,Model
136500,, ,Model
136510,, ,Model
136521,, ,Model
136533,, ,Model
136544,, ,Model
136555,, ,Model
136566,, ,Model
136578,, ,Model
136588,, ,Model
136601,, ,Model
136611,, ,Model
136621,, ,Model
136633,, ,Model
136644,, ,Model
136654,, ,Model
136666,, ,Model
136677,, ,Model
136687,, ,Model
136700,, ,Model
136711,, ,Model
136721,, ,Model
136734,, ,Model
136744,, ,Model
136755,, ,Model
136766,, ,Model
136777,, ,Model
136787,, ,Model
136800,, ,Model
136811,, ,Model
136821,, ,Model
136833,, ,Model
136843,, ,Model
136853,, ,Model
136867,, ,Model
136877,, ,Model
136887,, ,Model
136900,, ,Model
136911,, ,Model
136921,, ,Model
136934,, ,Model
136944,, ,Model
136955,, ,Model
136967,, ,Model
136977,, ,Model
136987,, ,Model
137000,, ,Model
137010,, ,Model
137020,, ,Model
137033,, ,Model
137044,, ,Model
137055,, ,Model
137067,, ,Model
137077,, ,Model
137087,, ,Model
137100,, ,Model
137110,, ,Model
137120,, ,Model
137133,, ,Model
137143,, ,Model
137154,, ,Model
137166,, ,Model
137176,, ,Model
137187,, ,Model
137199,, ,Model
137210,, ,Model
137220,, ,Model
137233,, ,Model
137244,, ,Model
137254,, ,Model
137266,, ,Model
137276,, ,Model
137287,, ,Model
137299,, ,Model
137309,, ,Model
137320,, ,Model
137333,, ,Model
137344,, ,Model
137354,, ,Model
137366,, ,Model
137377,, ,Model
137387,, ,Model
137400,, ,Model
137410,, ,Model
137420,, ,Model
137434,, ,Model
137444,, ,Model
137454,, ,Model
137467,, ,Model
137478,, ,Model
137488,, ,Model
137500,, ,Model
137511,, ,Model
137521,, ,Model
137535,, ,Model
137545,, ,Model
137556,, ,Model
137567,, ,Model
137577,, ,Model
137588,, ,Model
137600,, ,Model
137611,, ,Model
137622,, ,Model
137633,, ,Model
137645,, ,Model
137656,, ,Model
137667,, ,Model
137677,, ,Model
137688,, ,Model
137699,, ,Model
137709,, ,Model
137720,, ,Model
137734,, ,Model
137744,, ,Model
137755,, ,Model
137767,, ,Model
137778,, ,Model
137789,, ,Model
137801,, ,Model
137811,, ,Model
137822,, ,Model
137834,, ,Model
137844,, ,Model
137854,, ,Model
137866,, ,Model
137878,, ,Model
137888,, ,Model
137900,, ,Model
137910,, ,Model
137920,, ,Model
137933,, ,Model
137944,, ,Model
137955,, ,Model
137967,, ,Model
137977,, ,Model
137989,, ,Model
138000,, ,Model
138011,, ,Model
138022,, ,Model
138033,, ,Model
138043,, ,Model
138053,, ,Model
138067,, ,Model
138077,, ,Model
138089,, ,Model
138100,, ,Model
138110,, ,Model
138120,, ,Model
138134,, ,Model
138145,, ,Model
138155,, ,Model
138168,, ,Model
138184,, ,Model
138194,, ,Model
138204,, ,Model
138215,, ,Model
138226,, ,Model
138237,, ,Model
138250,, ,Model
138260,, ,Model
138271,, ,Model
138282,, ,Model
138293,, ,Model
138304,, ,Model
138316,, ,Model
138327,, ,Model
138338,, ,Model
138350,, ,Model
138361,, ,Model
138371,, ,Model
138384,, ,Model
138394,, ,Model
138406,, ,Model
138417,, ,Model
138428,, ,Model
138439,, ,Model
138450,, ,Model
138460,, ,Model
138472,, ,Model
138484,, ,Model
138500,, ,Model
138511,, ,Model
138522,, ,Model
138534,, ,Model
138544,, ,Model
138554,, ,Model
138567,, ,Model
138577,, ,Model
138588,, ,Model
138600,, ,Model
138610,, ,Model
138621,, ,Model
138633,, ,Model
138644,, ,Model
138654,, ,Model
138666,, ,Model
138676,, ,Model
138686,, ,Model
138700,, ,Model
138711,, ,Model
138722,, ,Model
138733,, ,Model
138743,, ,Model
138755,, ,Model
138766,, ,Model
138777,, ,Model
138787,, ,Model
138799,, ,Model
138810,, ,Model
138820,, ,Model
138834,, ,Model
138845,, ,Model
138855,, ,Model
138866,, ,Model
138877,, ,Model
138887,, ,Model
138900,, ,Model
138911,, ,Model
138923,, ,Model
138933,, ,Model
138943,, ,Model
138953,, ,Model
138967,, ,Model
138977,, ,Model
138987,, ,Model
139000,, ,Model
139010,, ,Model
139020,, ,Model
139033,, ,Model
139044,, ,Model
139054,, ,Model
139067,, ,Model
139077,, ,Model
139088,, ,Model
139100,, ,Model
139110,, ,Model
139121,, ,Model
139133,, ,Model
139144,, ,Model
139155,, ,Model
139167,, ,Model
139178,, ,Model
139188,, ,Model
139200,, ,Model
139210,, ,Model
139220,, ,Model
139233,, ,Model
139244,, ,Model
139255,, ,Model
139266,, ,Model
139276,, ,Model
139287,, ,Model
139300,, ,Model
139310,, ,Model
139321,, ,Model
139333,, ,Model
139343,, ,Model
139354,, ,Model
139367,, ,Model
139378,, ,Model
139388,, ,Model
139400,, ,Model
139410,, ,Model
139421,, ,Model
139434,, ,Model
139444,, ,Model
139456,, ,Model
139467,, ,Model
139477,, ,Model
139487,, ,Model
139500,, ,Model
139511,, ,Model
139521,, ,Model
139534,, ,Model
139545,, ,Model
139557,, ,Model
139568,, ,Model
139578,, ,Model
139589,, ,Model
139600,, ,Model
139610,, ,Model
139621,, ,Model
139633,, ,Model
139644,, ,Model
139655,, ,Model
139666,, ,Model
139677,, ,Model
139687,, ,Model
139700,, ,Model
139711,, ,Model
139721,, ,Model
139733,, ,Model
139744,, ,Model
139754,, ,Model
139767,, ,Model
139778,, ,Model
139789,, ,Model
139800,, ,Model
139810,, ,Model
139822,, ,Model
139834,, ,Model
139845,, ,Model
139856,, ,Model
139867,, ,Model
139877,, ,Model
139888,, ,Model
139900,, ,Model
139911,, ,Model
139922,, ,Model
139933,, ,Model
139944,, ,Model
139955,, ,Model
139967,, ,Model
139977,, ,Model
139988,, ,Model
140000,, ,Model
140012,, ,Model
140024,, ,Model
140035,, ,Model
140050,, ,Model
140061,, ,Model
140072,, ,Model
140083,, ,Model
140094,, ,Model
140105,, ,Model
140117,, ,Model
140127,, ,Model
140139,, ,Model
140149,, ,Model
140160,, ,Model
140170,, ,Model
140184,, ,Model
140194,, ,Model
140205,, ,Model
140216,, ,Model
140227,, ,Model
140237,, ,Model
140249,, ,Model
140260,, ,Model
140270,, ,Model
140283,, ,Model
140293,, ,Model
140304,, ,Model
140316,, ,Model
140327,, ,Model
140338,, ,Model
140349,, ,Model
140360,, ,Model
140371,, ,Model
140383,, ,Model
140393,, ,Model
140405,, ,Model
140417,, ,Model
140428,, ,Model
140439,, ,Model
140450,, ,Model
140460,, ,Model
140470,, ,Model
140483,, ,Model
140493,, ,Model
140504,, ,Model
140516,, ,Model
140526,, ,Model
140537,, ,Model
140550,, ,Model
140566,, ,Model
140577,, ,Model
140587,, ,Model
140600,, ,Model
140611,, ,Model
140622,, ,Model
140634,, ,Model
140644,, ,Model
140655,, ,Model
140667,, ,Model
140677,, ,Model
140689,, ,Model
140699,, ,Model
140710,, ,Model
140720,, ,Model
140733,, ,Model
140744,, ,Model
140754,, ,Model
140766,, ,Model
140777,, ,Model
140789,, ,Model
140799,, ,Model
140810,, ,Model
140820,, ,Model
140834,, ,Model
140844,, ,Model
140855,, ,Model
140867,, ,Model
140877,, ,Model
140889,, ,Model
140900,, ,Model
140911,, ,Model
140921,, ,Model
140933,, ,Model
140944,, ,Model
140955,, ,Model
140966,, ,Model
140977,, ,Model
140989,, ,Model
141000,, ,Model
141010,, ,Model
141021,, ,Model
141033,, ,Model
141043,728.38,814.82,Area 1
141054,728.38,814.82,Area 1
141066,728.38,814.82,Area 1
141077,759.70,850.31,Area 1
141087,759.70,850.31,Area 1
141099,750.27,877.42,Area 1
141110,750.27,877.42,Area 1
141121,750.27,877.42,Area 1
141133,754.55,901.06,Area 1
141143,754.55,901.06,Area 1
141153,754.55,901.06,Area 1
141167,672.75,836.31,Area 1
141178,672.75,836.31,Area 1
141189,672.75,836.31,Area 1
141199,694.90,828.80,Area 1
141209,694.90,828.80,Area 1
141220,694.90,828.80,Area 1
141234,713.59,810.79,Area 1
141250,713.59,810.79,Area 1
141260,710.59,798.13,Area 1
141270,710.59,798.13,Area 1
141283,702.19,807.44,Area 1
141293,702.19,807.44,Area 1
141304,702.19,807.44,Area 1
141317,703.26,805.77,Area 1
141327,703.26,805.77,Area 1
141338,703.26,805.77,Area 1
141350,717.81,804.48,Area 1
141361,717.81,804.48,Area 1
141371,717.81,804.48,Area 1
141383,698.68,811.35,Area 1
141399,698.68,811.35,Area 1
141409,643.17,874.63,Area 1
141420,643.17,874.63,Area 1
141432,643.17,874.63,Area 1
141444,610.17,936.99,Area 1
141454,610.17,936.99,Area 1
141467,594.63,933.27,Area 1
141477,594.63,933.27,Area 1
141488,594.63,933.27,Area 1
141500,590.33,945.89,Area 1
141510,590.33,945.89,Area 1
141520,590.33,945.89,Area 1
141533,599.80,958.15,Area 1
141544,599.80,958.15,Area 1
141555,608.48,961.61,Area 1
141567,608.48,961.61,Area 1
141577,608.48,961.61,Area 1
141588,616.72,971.74,Area 1
141600,616.72,971.74,Area 1
141610,616.72,971.74,Area 1
141621,609.20,972.29,Area 1
141633,609.20,972.29,Area 1
141644,609.20,972.29,Area 1
141654,602.65,969.33,Area 1
141666,602.65,969.33,Area 1
141677,600.86,965.39,Area 1
141687,600.86,965.39,Area 1
141700,600.86,965.39,Area 1
141711,602.25,967.25,Area 1
141722,602.25,967.25,Area 1
141733,602.25,967.25,Area 1
141744,599.70,968.88,Area 1
141754,599.70,968.88,Area 1
141767,595.35,960.91,Area 1
141779,595.35,960.91,Area 1
141790,595.35,960.91,Area 1
141801,597.26,964.93,Area 1
141817,597.26,964.93,Area 1
141827,592.49,980.29,Area 1
141837,592.49,980.29,Area 1
141850,592.49,980.29,Area 1
141860,590.71,984.75,Area 1
141871,590.71,984.75,Area 1
141883,590.71,984.75,Area 1
141893,596.25,967.06,Area 1
141904,596.25,967.06,Area 1
141917,596.75,963.09,Area 1
141928,596.75,963.09,Area 1
141938,596.75,963.09,Area 1
141950,599.25,979.19,Area 1
141961,599.25,979.19,Area 1
141972,599.25,979.19,Area 1
141984,597.05,977.50,Area 1
142000,597.05,977.50,Area 1
142011,591.95,965.37,Area 1
142021,591.95,965.37,Area 1
142033,591.95,965.37,Area 1
142044,602.59,963.61,Area 1
142054,602.59,963.61,Area 1
142067,602.59,963.61,Area 1
142077,634.45,973.87,Area 1
142088,634.45,973.87,Area 1
142101,665.10,969.06,Area 1
142111,665.10,969.06,Area 1
142121,665.10,969.06,Area 1
142133,666.78,959.89,Area 1
142144,666.78,959.89,Area 1
142155,666.78,959.89,Area 1
142167,664.71,961.42,Area 1
142178,664.71,961.42,Area 1
142189,664.71,961.42,Area 1
142199,675.81,958.26,Area 1
142210,675.81,958.26,Area 1
142221,678.17,963.16,Area 1
142233,678.17,963.16,Area 1
142244,678.17,963.16,Area 1
142255,677.10,970.55,Area 1
142266,677.10,970.55,Area 1
142276,677.10,970.55,Area 1
142287,681.29,971.12,Area 1
142299,681.29,971.12,Area 1
142311,686.37,985.47,Area 1
142321,686.37,985.47,Area 1
142334,686.37,985.47,Area 1
142344,692.98,996.55,Area 1
142354,692.98,996.55,Area 1
142366,692.98,996.55,Area 1
142377,694.80,995.18,Area 1
142388,694.80,995.18,Area 1
142400,694.80,995.18,Area 1
142411,691.47,979.62,Area 1
142422,691.47,979.62,Area 1
142434,689.30,967.67,Area 1
142444,689.30,967.67,Area 1
142455,689.30,967.67,Area 1
142466,682.85,953.50,Area 1
142477,682.85,953.50,Area 1
142487,682.85,953.50,Area 1
142500,683.16,955.21,Area 1
142511,683.16,955.21,Area 1
142522,683.16,955.21,Area 1
142533,685.63,970.89,Area 1
142543,685.63,970.89,Area 1
142554,684.52,968.72,Area 1
142566,684.52,968.72,Area 1
142576,684.52,968.72,Area 1
142586,687.66,960.57,Area 1
142601,687.66,960.57,Area 1
142616,683.07,957.68,Area 1
142626,683.07,957.68,Area 1
142637,683.07,957.68,Area 1
142649,678.72,960.33,Area 1
142660,678.72,960.33,Area 1
142670,678.72,960.33,Area 1
142683,680.15,958.66,Area 1
142694,680.15,958.66,Area 1
142705,681.78,956.75,Area 1
142716,681.78,956.75,Area 1
142727,681.78,956.75,Area 1
142737,684.04,952.99,Area 1
142749,684.04,952.99,Area 1
142760,684.04,952.99,Area 1
142770,692.66,945.22,Area 1
142783,692.66,945.22,Area 1
142794,692.66,945.22,Area 1
142805,690.87,940.15,Area 1
142816,690.87,940.15,Area 1
142826,679.00,945.12,Area 1
142837,679.00,945.12,Area 1
142849,679.00,945.12,Area 1
142859,686.64,952.95,Area 1
142870,686.64,952.95,Area 1
142883,698.44,972.19,Area 1
142895,698.44,972.19,Area 1
142906,698.44,972.19,Area 1
142917,714.34,990.33,Area 1
142927,714.34,990.33,Area 1
142938,714.34,990.33,Area 1
142950,725.10,985.44,Area 1
142960,725.10,985.44,Area 1
142971,725.10,985.44,Area 1
142983,722.27,986.60,Area 1
142993,722.27,986.60,Area 1
143003,730.74,998.81,Area 1
143017,730.74,998.81,Area 1
143027,730.74,998.81,Area 1
143038,715.13,992.59,Area 1
143050,715.13,992.59,Area 1
143060,715.13,992.59,Area 1
143071,686.59,991.21,Area 1
143083,686.59,991.21,Area 1
143093,686.59,991.21,Area 1
143104,680.13,995.37,Area 1
143116,680.13,995.37,Area 1
143127,691.04,988.50,Area 1
143137,691.04,988.50,Area 1
143150,691.04,988.50,Area 1
143160,657.66,990.89,Area 1
143170,657.66,990.89,Area 1
143183,657.66,990.89,Area 1
143194,629.46,1005.42,Area 1
143205,629.46,1005.42,Area 1
143216,629.46,1005.42,Area 1
143226,647.08,1002.57,Area 1
143237,647.08,1002.57,Area 1
143250,653.95,992.55,Area 1
143260,653.95,992.55,Area 1
143270,653.95,992.55,Area 1
143284,658.07,989.05,Area 1
143294,658.07,989.05,Area 1
143304,658.07,989.05,Area 1
143316,656.16,986.13,Area 1
143327,656.16,986.13,Area 1
143337,656.16,986.13,Area 1
143349,653.21,983.33,Area 1
143360,653.21,983.33,Area 1
143372,654.68,967.50,Area 1
143383,654.68,967.50,Area 1
143394,654.68,967.50,Area 1
143406,674.96,966.90,Area 1
143416,674.96,966.90,Area 1
143427,674.96,966.90,Area 1
143437,683.19,978.32,Area 1
143450,683.19,978.32,Area 1
143461,682.19,985.76,Area 1
143472,682.19,985.76,Area 1
143483,682.19,985.76,Area 1
143493,690.76,984.59,Area 1
143504,690.76,984.59,Area 1
143517,690.76,984.59,Area 1
143527,689.05,957.37,Area 1
143537,689.05,957.37,Area 1
143550,691.14,942.35,Area 1
143561,691.14,942.35,Area 1
143571,691.14,942.35,Area 1
143584,695.01,942.76,Area 1
143594,695.01,942.76,Area 1
143605,695.01,942.76,Area 1
143618,690.46,943.53,Area 1
143633,690.46,943.53,Area 1
143645,688.30,941.79,Area 1
143655,688.30,941.79,Area 1
143666,688.30,941.79,Area 1
143676,685.55,946.11,Area 1
143687,685.55,946.11,Area 1
143700,739.92,940.32,Area 1
143711,739.92,940.32,Area 1
143721,739.92,940.32,Area 1
143733,1000.03,947.43,Area 2
143744,1000.03,947.43,Area 2
143755,1000.03,947.43,Area 2
143766,1224.38,973.65,Area 2
143777,1224.38,973.65,Area 2
143789,1224.38,973.65,Area 2
143799,1247.94,976.86,Area 2
143810,1247.94,976.86,Area 2
143821,1243.92,976.46,Area 2
143833,1243.92,976.46,Area 2
143843,1243.92,976.46,Area 2
143854,1241.17,972.31,Area 2
143866,1241.17,972.31,Area 2
143877,1241.17,972.31,Area 2
143888,1236.79,972.49,Area 2
143900,1236.79,972.49,Area 2
143910,1236.79,972.49,Area 2
143921,1236.83,973.56,Area 2
143933,1236.83,973.56,Area 2
143943,1244.33,969.66,Area 2
143953,1244.33,969.66,Area 2
143967,1244.33,969.66,Area 2
143978,1247.87,977.49,Area 2
143988,1247.87,977.49,Area 2
143999,1247.87,977.49,Area 2
144010,1248.71,985.16,Area 2
144020,1248.71,985.16,Area 2
144033,1115.46,977.80,Area 2
144044,1115.46,977.80,Area 2
144055,1115.46,977.80,Area 2
144066,802.51,989.48,Area 1
144076,802.51,989.48,Area 1
144087,802.51,989.48,Area 1
144100,619.32,1002.96,Area 1
144110,619.32,1002.96,Area 1
144121,619.32,1002.96,Area 1
144133,608.42,1000.38,Area 1
144143,608.42,1000.38,Area 1
144154,594.45,1012.57,Area 1
144166,594.45,1012.57,Area 1
144177,594.45,1012.57,Area 1
144187,590.69,1022.55,Area 1
144199,590.69,1022.55,Area 1
144210,590.69,1022.55,Area 1
144220,593.68,1014.71,Area 1
144233,593.68,1014.71,Area 1
144243,593.68,1014.71,Area 1
144253,598.61,1004.65,Area 1
144266,598.61,1004.65,Area 1
144277,602.57,1004.68,Area 1
144289,602.57,1004.68,Area 1
144299,602.57,1004.68,Area 1
144310,608.33,974.96,Area 1
144321,608.33,974.96,Area 1
144333,605.35,977.02,Area 1
144343,605.35,977.02,Area 1
144354,605.35,977.02,Area 1
144367,599.50,1008.53,Area 1
144377,599.50,1008.53,Area 1
144388,599.50,1008.53,Area 1
144400,601.40,983.09,Area 1
144411,601.40,983.09,Area 1
144422,601.40,983.09,Area 1
144432,803.29,894.92,Area 1
144443,803.29,894.92,Area 1
144454,803.29,894.92,Area 1
144465,1038.71,824.28,Area 2
144476,1038.71,824.28,Area 2
144488,1087.84,812.38,Area 2
144501,1087.84,812.38,Area 2
144511,1087.84,812.38,Area 2
144521,1085.60,798.44,Area 2
144533,1085.60,798.44,Area 2
144543,1085.60,798.44,Area 2
144553,1066.52,790.51,Area 2
144566,1066.52,790.51,Area 2
144576,1068.24,784.93,Area 2
144587,1068.24,784.93,Area 2
144600,1068.24,784.93,Area 2
144610,1070.36,782.13,Area 2
144620,1070.36,782.13,Area 2
144635,1070.36,782.13,Area 2
144649,1066.59,781.87,Area 2
144660,1066.59,781.87,Area 2
144671,1065.96,788.92,Area 2
144683,1065.96,788.92,Area 2
144694,1065.96,788.92,Area 2
144704,1070.33,792.96,Area 2
144716,1070.33,792.96,Area 2
144726,1070.33,792.96,Area 2
144737,1068.86,793.53,Area 2
144750,1068.86,793.53,Area 2
144761,1076.22,798.90,Area 2
144772,1076.22,798.90,Area 2
144783,1076.22,798.90,Area 2
144793,1178.73,878.17,Area 2
144803,1178.73,878.17,Area 2
144816,1178.73,878.17,Area 2
144827,1283.14,974.22,Area 2
144838,1283.14,974.22,Area 2
144850,1291.80,991.99,Area 2
144861,1291.80,991.99,Area 2
144872,1291.80,991.99,Area 2
144884,1269.62,988.93,Area 2
144894,1269.62,988.93,Area 2
144905,1269.62,988.93,Area 2
144917,1257.39,982.30,Area 2
144927,1257.39,982.30,Area 2
144938,1257.39,982.30,Area 2
144950,1257.16,979.89,Area 2
144961,1257.16,979.89,Area 2
144973,1257.16,979.89,Area 2
144984,1265.38,983.37,Area 2
144995,1265.38,983.37,Area 2
145006,1189.39,989.81,Area 2
145017,1189.39,989.81,Area 2
145028,1189.39,989.81,Area 2
145039,1058.94,964.96,Area 2
145050,1058.94,964.96,Area 2
145060,996.74,932.05,Area 2
145071,996.74,932.05,Area 2
145083,996.74,932.05,Area 2
145094,1000.41,948.00,Area 2
145105,1000.41,948.00,Area 2
145117,1000.41,948.00,Area 2
145128,1014.00,972.33,Area 2
145139,1014.00,972.33,Area 2
145150,1003.01,969.85,Area 2
145161,1003.01,969.85,Area 2
145172,1003.01,969.85,Area 2
145183,992.39,958.78,Area 2
145194,992.39,958.78,Area 2
145205,992.39,958.78,Area 2
145217,1000.36,956.76,Area 2
145228,1000.36,956.76,Area 2
145238,1000.36,956.76,Area 2
145250,1003.68,954.14,Area 2
145260,1003.68,954.14,Area 2
145271,1008.10,961.40,Area 2
145283,1008.10,961.40,Area 2
145294,1008.10,961.40,Area 2
145306,1017.95,960.59,Area 2
145316,1017.95,960.59,Area 2
145327,1017.95,960.59,Area 2
145338,1016.37,969.01,Area 2
145349,1016.37,969.01,Area 2
145360,1016.37,969.01,Area 2
145370,1013.56,975.10,Area 2
145383,1013.56,975.10,Area 2
145394,1018.56,962.14,Area 2
145404,1018.56,962.14,Area 2
145417,1018.56,962.14,Area 2
145427,1017.76,963.51,Area 2
145437,1017.76,963.51,Area 2
145450,1017.76,963.51,Area 2
145460,1007.55,952.62,Area 2
145470,1007.55,952.62,Area 2
145483,994.30,934.51,Area 2
145494,994.30,934.51,Area 2
145504,994.30,934.51,Area 2
145517,996.43,928.25,Area 2
145528,996.43,928.25,Area 2
145539,996.43,928.25,Area 2
145551,1007.25,936.90,Area 2
145562,1007.25,936.90,Area 2
145572,1007.25,936.90,Area 2
145583,1004.78,963.10,Area 2
145593,1004.78,963.10,Area 2
145604,1073.02,959.46,Area 2
145617,1073.02,959.46,Area 2
145628,1073.02,959.46,Area 2
145639,1174.19,942.15,Area 2
145651,1174.19,942.15,Area 2
145661,1174.19,942.15,Area 2
145671,1222.03,937.58,Area 2
145684,1222.03,937.58,Area 2
145695,1244.68,931.16,Area 2
145705,1244.68,931.16,Area 2
145717,1244.68,931.16,Area 2
145727,1242.54,934.23,Area 2
145738,1242.54,934.23,Area 2
145750,1242.54,934.23,Area 2
145761,1237.54,932.09,Area 2
145771,1237.54,932.09,Area 2
145784,1235.14,928.08,Area 2
145800,1235.14,928.08,Area 2
145811,1235.14,928.08,Area 2
145821,1233.13,928.88,Area 2
145833,1233.13,928.88,Area 2
145844,1233.13,928.88,Area 2
145855,1229.77,935.19,Area 2
145866,1229.77,935.19,Area 2
145877,1228.83,932.08,Area 2
145887,1228.83,932.08,Area 2
145899,1228.83,932.08,Area 2
145910,1227.46,922.67,Area 2
145920,1227.46,922.67,Area 2
145934,1227.46,922.67,Area 2
145944,1222.46,917.76,Area 2
145956,1222.46,917.76,Area 2
145967,1116.46,861.27,Area 2
145977,1116.46,861.27,Area 2
145988,1116.46,861.27,Area 2
146001,833.87,752.56,Area 1
146011,833.87,752.56,Area 1
146022,833.87,752.56,Area 1
146033,649.15,696.97,Area 1
146044,649.15,696.97,Area 1
146055,649.15,696.97,Area 1
146067,641.13,702.31,Area 1
146077,641.13,702.31,Area 1
146087,634.45,705.93,Area 1
146100,634.45,705.93,Area 1
146110,634.45,705.93,Area 1
146121,628.87,711.17,Area 1
146133,628.87,711.17,Area 1
146144,628.87,711.17,Area 1
146154,623.87,720.77,Area 1
146166,623.87,720.77,Area 1
146177,620.93,723.92,Area 1
146188,620.93,723.92,Area 1
146201,620.93,723.92,Area 1
146217,630.54,728.31,Area 1
146227,630.54,728.31,Area 1
146237,630.54,728.31,Area 1
146250,629.35,729.77,Area 1
146261,629.35,729.77,Area 1
146271,621.17,726.30,Area 1
146283,621.17,726.30,Area 1
146294,621.17,726.30,Area 1
146304,626.01,719.06,Area 1
146316,626.01,719.06,Area 1
146327,626.01,719.06,Area 1
146338,628.49,707.68,Area 1
146349,628.49,707.68,Area 1
146360,631.95,707.00,Area 1
146370,631.95,707.00,Area 1
146383,631.95,707.00,Area 1
146394,637.05,713.17,Area 1
146405,637.05,713.17,Area 1
146416,637.05,713.17,Area 1
146426,633.86,704.62,Area 1
146437,633.86,704.62,Area 1
146451,646.73,700.91,Area 1
146466,646.73,700.91,Area 1
146478,646.73,700.91,Area 1
146489,651.73,686.91,Area 1
146500,651.73,686.91,Area 1
146511,638.09,692.80,Area 1
146522,638.09,692.80,Area 1
146533,638.09,692.80,Area 1
146545,625.94,704.06,Area 1
146555,625.94,704.06,Area 1
146567,625.94,704.06,Area 1
146577,626.71,689.07,Area 1
146588,626.71,689.07,Area 1
146600,626.71,689.07,Area 1
146610,605.90,800.65,Area 1
146621,605.90,800.65,Area 1
146633,572.55,957.75,Area 1
146644,572.55,957.75,Area 1
146655,572.55,957.75,Area 1
146669,571.54,1004.97,Area 1
146684,571.54,1004.97,Area 1
146694,564.36,995.66,Area 1
146706,564.36,995.66,Area 1
146716,564.36,995.66,Area 1
146727,559.82,994.19,Area 1
146737,559.82,994.19,Area 1
146750,559.82,994.19,Area 1
146762,567.48,976.71,Area 1
146772,567.48,976.71,Area 1
146783,570.47,969.29,Area 1
146794,570.47,969.29,Area 1
146805,570.47,969.29,Area 1
146817,572.91,993.66,Area 1
146833,572.91,993.66,Area 1
146843,552.27,946.82,Area 1
146854,552.27,946.82,Area 1
146867,552.27,946.82,Area 1
146877,548.47,820.22,Area 1
146888,548.47,820.22,Area 1
146901,548.47,820.22,Area 1
146917,566.77,571.92,Area 1
146927,566.77,571.92,Area 1
146938,547.64,548.70,Area 3
146950,547.64,548.70,Area 3
146960,547.64,548.70,Area 3
146970,537.85,558.21,Area 1
146982,537.85,558.21,Area 1
146994,537.14,574.54,Area 1
147004,537.14,574.54,Area 1
147017,537.14,574.54,Area 1
147027,551.30,562.39,Area 1
147038,551.30,562.39,Area 1
147050,551.30,562.39,Area 1
147060,565.74,556.02,Area 1
147072,565.74,556.02,Area 1
147083,571.78,551.16,Area 1
147095,571.78,551.16,Area 1
147106,571.78,551.16,Area 1
147117,594.52,547.25,Area 3
147127,594.52,547.25,Area 3
147138,594.52,547.25,Area 3
147150,598.15,566.74,Area 1
147161,598.15,566.74,Area 1
147171,598.15,566.74,Area 1
147183,573.61,571.85,Area 1
147194,573.61,571.85,Area 1
147205,550.86,546.24,Area 3
147217,550.86,546.24,Area 3
147227,550.86,546.24,Area 3
147238,549.15,542.31,Area 3
147249,549.15,542.31,Area 3
147259,549.15,542.31,Area 3
147270,572.92,546.87,Area 3
147283,572.92,546.87,Area 3
147295,563.26,562.45,Area 1
147306,563.26,562.45,Area 1
147316,563.26,562.45,Area 1
147327,555.14,565.63,Area 1
147338,555.14,565.63,Area 1
147349,555.14,565.63,Area 1
147360,545.47,560.62,Area 1
147371,545.47,560.62,Area 1
147383,545.47,560.62,Area 1
147393,536.01,566.68,Area 1
147404,536.01,566.68,Area 1
147417,558.53,567.51,Area 1
147427,558.53,567.51,Area 1
147438,558.53,567.51,Area 1
147450,554.51,575.17,Area 1
147461,554.51,575.17,Area 1
147472,554.51,575.17,Area 1
147483,568.34,560.28,Area 1
147494,568.34,560.28,Area 1
147505,568.34,560.28,Area 1
147516,576.43,570.71,Area 1
147527,576.43,570.71,Area 1
147537,540.02,589.94,Area 1
147550,540.02,589.94,Area 1
147560,540.02,589.94,Area 1
147571,545.08,599.66,Area 1
147583,545.08,599.66,Area 1
147593,545.08,599.66,Area 1
147604,534.11,614.09,Area 1
147616,534.11,614.09,Area 1
147627,504.74,608.14,Area 1
147638,504.74,608.14,Area 1
147650,504.74,608.14,Area 1
147661,511.65,611.84,Area 1
147671,511.65,611.84,Area 1
147683,511.65,611.84,Area 1
147693,484.33,639.72,Area 1
147703,484.33,639.72,Area 1
147717,476.91,654.49,Area 1
147727,476.91,654.49,Area 1
147740,476.91,654.49,Area 1
147750,494.60,643.73,Area 1
147760,494.60,643.73,Area 1
147771,494.60,643.73,Area 1
147783,498.08,635.28,Area 1
147794,498.08,635.28,Area 1
147804,498.08,635.28,Area 1
147816,505.39,638.14,Area 1
147827,505.39,638.14,Area 1
147838,505.39,638.14,Area 1
147849,530.58,636.56,Area 1
147860,530.58,636.56,Area 1
147871,530.66,616.62,Area 1
147882,530.66,616.62,Area 1
147893,530.66,616.62,Area 1
147904,480.35,625.71,Area 1
147916,480.35,625.71,Area 1
147927,480.35,625.71,Area 1
147938,508.40,633.33,Area 1
147950,508.40,633.33,Area 1
147961,527.19,620.47,Area 1
147971,527.19,620.47,Area 1
147983,527.19,620.47,Area 1
147994,482.57,625.45,Area 1
148005,482.57,625.45,Area 1
148016,482.57,625.45,Area 1
148027,490.31,631.27,Area 1
148037,490.31,631.27,Area 1
148050,506.56,634.14,Area 1
148060,506.56,634.14,Area 1
148071,506.56,634.14,Area 1
148083,507.91,638.24,Area 1
148093,507.91,638.24,Area 1
148104,507.91,638.24,Area 1
148117,511.49,630.36,Area 1
148128,511.49,630.36,Area 1
148138,511.49,630.36,Area 1
148150,507.29,631.08,Area 1
148161,507.29,631.08,Area 1
148172,515.00,636.34,Area 1
148184,515.00,636.34,Area 1
148194,515.00,636.34,Area 1
148204,520.10,631.76,Area 1
148217,520.10,631.76,Area 1
148227,520.10,631.76,Area 1
148238,495.55,631.42,Area 1
148249,495.55,631.42,Area 1
148259,495.55,631.42,Area 1
148269,478.34,633.52,Area 1
148283,478.34,633.52,Area 1
148295,499.75,634.44,Area 1
148306,499.75,634.44,Area 1
148317,499.75,634.44,Area 1
148328,513.27,639.16,Area 1
148338,513.27,639.16,Area 1
148350,513.27,639.16,Area 1
148360,516.40,648.29,Area 1
148370,516.40,648.29,Area 1
148384,520.31,645.23,Area 1
148394,520.31,645.23,Area 1
148406,520.31,645.23,Area 1
148417,515.94,640.22,Area 1
148427,515.94,640.22,Area 1
148437,515.94,640.22,Area 1
148451,489.01,637.92,Area 1
148461,489.01,637.92,Area 1
148471,489.01,637.92,Area 1
148483,670.99,693.39,Area 1
148494,670.99,693.39,Area 1
148505,982.73,809.19,Area 2
148517,982.73,809.19,Area 2
148527,982.73,809.19,Area 2
148538,1098.58,868.98,Area 2
148550,1098.58,868.98,Area 2
148561,1098.58,868.98,Area 2
148572,1007.25,864.29,Area 2
148583,1007.25,864.29,Area 2
148593,1120.15,906.74,Area 2
148604,1120.15,906.74,Area 2
148616,1120.15,906.74,Area 2
148627,1116.19,895.02,Area 2
148637,1116.19,895.02,Area 2
148650,1116.19,895.02,Area 2
148660,1125.44,886.86,Area 2
148671,1125.44,886.86,Area 2
148684,1131.01,879.31,Area 2
148700,1131.01,879.31,Area 2
148711,1131.01,879.31,Area 2
148722,1133.59,882.85,Area 2
148734,1133.59,882.85,Area 2
148746,1134.12,896.57,Area 2
148756,1134.12,896.57,Area 2
148767,1134.12,896.57,Area 2
148777,1129.41,890.82,Area 2
148788,1129.41,890.82,Area 2
148800,1129.41,890.82,Area 2
148810,1126.95,879.37,Area 2
148821,1126.95,879.37,Area 2
148833,1126.95,879.37,Area 2
148844,1121.58,879.59,Area 2
148854,1121.58,879.59,Area 2
148867,918.99,916.23,Area 1
148877,918.99,916.23,Area 1
148887,918.99,916.23,Area 1
148900,650.81,980.44,Area 1
148911,650.81,980.44,Area 1
148922,650.81,980.44,Area 1
148934,588.95,1005.21,Area 1
148945,588.95,1005.21,Area 1
148955,601.61,1011.91,Area 1
148967,601.61,1011.91,Area 1
148977,601.61,1011.91,Area 1
148988,597.21,1027.25,Area 1
149000,597.21,1027.25,Area 1
149010,597.21,1027.25,Area 1
149021,582.80,1032.51,Area 1
149033,582.80,1032.51,Area 1
149043,582.80,1032.51,Area 1
149053,572.11,1039.74,Area 1
149066,572.11,1039.74,Area 1
149077,571.94,1039.59,Area 1
149087,571.94,1039.59,Area 1
149100,571.94,1039.59,Area 1
149110,573.76,1031.27,Area 1
149120,573.76,1031.27,Area 1
149133,573.76,1031.27,Area 1
149144,578.46,1041.42,Area 1
149154,578.46,1041.42,Area 1
149167,578.46,1041.42,Area 1
149178,579.92,1045.48,Area 1
149188,579.92,1045.48,Area 1
149200,572.05,1044.41,Area 1
149210,572.05,1044.41,Area 1
149221,572.05,1044.41,Area 1
149233,566.41,1050.78,Area 1
149244,566.41,1050.78,Area 1
149255,566.41,1050.78,Area 1
149266,563.78,1071.90,Area 1
149276,563.78,1071.90,Area 1
149288,563.78,1071.90,Area 1
149300,596.18,1041.82,Area 1
149311,596.18,1041.82,Area 1
149322,924.13,900.68,Area 1
149333,924.13,900.68,Area 1
149343,924.13,900.68,Area 1
149354,1205.73,787.10,Area 2
149367,1205.73,787.10,Area 2
149377,1205.73,787.10,Area 2
149388,1204.95,775.09,Area 2
149400,1204.95,775.09,Area 2
149411,1210.57,765.55,Area 2
149422,1210.57,765.55,Area 2
149433,1210.57,765.55,Area 2
149444,1212.06,756.38,Area 2
149455,1212.06,756.38,Area 2
149467,1212.06,756.38,Area 2
149477,1220.63,766.21,Area 2
149488,1220.63,766.21,Area 2
149500,1221.28,771.36,Area 2
149510,1221.28,771.36,Area 2
149522,1221.28,771.36,Area 2
149534,1200.42,749.59,Area 2
149544,1200.42,749.59,Area 2
149554,1200.42,749.59,Area 2
149567,1201.72,749.05,Area 2
149577,1201.72,749.05,Area 2
149587,1201.72,749.05,Area 2
149600,1245.22,742.62,Area 2
149611,1245.22,742.62,Area 2
149622,1279.00,717.82,Area 2
149634,1279.00,717.82,Area 2
149644,1279.00,717.82,Area 2
149654,1288.67,706.23,Area 2
149667,1288.67,706.23,Area 2
149677,1288.67,706.23,Area 2
149688,1280.51,700.93,Area 2
149701,1280.51,700.93,Area 2
149716,1268.87,692.92,Area 2
149726,1268.87,692.92,Area 2
149736,1268.87,692.92,Area 2
149750,1266.74,696.40,Area 2
149761,1266.74,696.40,Area 2
149771,1266.74,696.40,Area 2
149783,1264.49,700.92,Area 2
149794,1264.49,700.92,Area 2
149805,1270.73,702.65,Area 2
149816,1270.73,702.65,Area 2
149827,1270.73,702.65,Area 2
149838,1264.30,702.53,Area 2
149850,1264.30,702.53,Area 2
149860,1264.30,702.53,Area 2
149871,1262.19,706.47,Area 2
149884,1262.19,706.47,Area 2
149894,1265.49,713.18,Area 2
149904,1265.49,713.18,Area 2
149917,1265.49,713.18,Area 2
149927,1263.91,707.56,Area 2
149937,1263.91,707.56,Area 2
149951,1263.91,707.56,Area 2
149966,1247.39,697.41,Area 2
149977,1247.39,697.41,Area 2
149987,1234.10,699.87,Area 2
149999,1234.10,699.87,Area 2
150010,1234.10,699.87,Area 2
150020,1059.13,773.77,Area 2
150032,1059.13,773.77,Area 2
150043,1059.13,773.77,Area 2
150054,798.79,862.43,Area 1
150067,798.79,862.43,Area 1
150078,702.16,889.48,Area 1
150089,702.16,889.48,Area 1
150100,702.16,889.48,Area 1
150110,696.60,890.22,Area 1
150121,696.60,890.22,Area 1
150133,696.60,890.22,Area 1
150143,712.07,867.37,Area 1
150154,712.07,867.37,Area 1
150166,708.20,871.15,Area 1
150177,708.20,871.15,Area 1
150187,708.20,871.15,Area 1
150201,693.11,900.09,Area 1
150212,693.11,900.09,Area 1
150223,693.11,900.09,Area 1
150234,681.38,896.98,Area 1
150244,681.38,896.98,Area 1
150255,679.19,887.91,Area 1
150266,679.19,887.91,Area 1
150277,679.19,887.91,Area 1
150287,692.06,868.41,Area 1
150300,692.06,868.41,Area 1
150316,698.47,866.45,Area 1
150326,698.47,866.45,Area 1
150336,698.47,866.45,Area 1
150350,691.26,889.76,Area 1
150361,691.26,889.76,Area 1
150371,691.26,889.76,Area 1
150384,696.13,890.76,Area 1
150395,696.13,890.76,Area 1
150405,696.13,890.76,Area 1
150416,695.43,887.97,Area 1
150426,695.43,887.97,Area 1
150437,684.07,874.40,Area 1
150450,684.07,874.40,Area 1
150460,684.07,874.40,Area 1
150470,686.84,876.10,Area 1
150484,686.84,876.10,Area 1
150494,686.84,876.10,Area 1
150505,693.07,893.58,Area 1
150516,693.07,893.58,Area 1
150527,699.29,894.16,Area 1
150537,699.29,894.16,Area 1
150550,699.29,894.16,Area 1
150560,702.42,894.03,Area 1
150571,702.42,894.03,Area 1
150584,702.42,894.03,Area 1
150594,698.00,899.31,Area 1
150606,698.00,899.31,Area 1
150617,699.08,910.70,Area 1
150627,699.08,910.70,Area 1
150638,699.08,910.70,Area 1
150650,718.01,895.47,Area 1
150660,718.01,895.47,Area 1
150672,718.01,895.47,Area 1
150683,715.56,880.74,Area 1
150694,715.56,880.74,Area 1
150704,715.56,880.74,Area 1
150717,650.03,970.92,Area 1
150733,650.03,970.92,Area 1
150743,586.38,1057.17,Area 1
150754,586.38,1057.17,Area 1
150766,586.38,1057.17,Area 1
150776,584.05,1054.86,Area 1
150786,584.05,1054.86,Area 1
150801,583.96,1071.63,Area 1
150816,583.96,1071.63,Area 1
150828,, ,Model
150839,, ,Model
150850,, ,Model
150860,560.26,1064.22,Area 1
150871,560.26,1064.22,Area 1
150883,560.26,1064.22,Area 1
150893,559.92,1050.71,Area 1
150904,559.92,1050.71,Area 1
150917,559.92,1050.71,Area 1
150927,553.04,1056.60,Area 1
150937,553.04,1056.60,Area 1
150951,784.42,957.58,Area 1
150966,784.42,957.58,Area 1
150977,784.42,957.58,Area 1
150988,1106.89,788.13,Area 2
151000,1106.89,788.13,Area 2
151011,1201.49,736.41,Area 2
151022,1201.49,736.41,Area 2
151034,1201.49,736.41,Area 2
151045,1217.89,748.24,Area 2
151056,1217.89,748.24,Area 2
151067,1217.89,748.24,Area 2
151077,1221.53,739.66,Area 2
151088,1221.53,739.66,Area 2
151101,1219.88,740.80,Area 2
151112,1219.88,740.80,Area 2
151123,1219.88,740.80,Area 2
151134,1218.79,757.87,Area 2
151144,1218.79,757.87,Area 2
151155,1218.79,757.87,Area 2
151167,1053.33,818.23,Area 2
151182,1053.33,818.23,Area 2
151194,737.85,941.77,Area 1
151205,737.85,941.77,Area 1
151218,737.85,941.77,Area 1
151229,593.16,1033.91,Area 1
151240,593.16,1033.91,Area 1
151250,603.30,1050.25,Area 1
151260,603.30,1050.25,Area 1
151272,603.30,1050.25,Area 1
151283,608.02,1038.35,Area 1
151294,608.02,1038.35,Area 1
151305,608.02,1038.35,Area 1
151317,615.75,1020.54,Area 1
151328,615.75,1020.54,Area 1
151339,615.75,1020.54,Area 1
151349,620.66,1014.70,Area 1
151359,620.66,1014.70,Area 1
151370,620.66,1014.70,Area 1
151383,616.78,1016.15,Area 1
151394,616.78,1016.15,Area 1
151404,718.78,1030.75,Area 1
151416,718.78,1030.75,Area 1
151426,718.78,1030.75,Area 1
151437,826.61,1049.10,Area 1
151450,826.61,1049.10,Area 1
151460,826.61,1049.10,Area 1
151471,826.61,1049.10,Area 1
151482,826.61,1049.10,Area 1
151493,826.61,1049.10,Area 1
151503,826.61,1049.10,Area 1
151516,826.61,1049.10,Area 1
151526,826.61,1049.10,Area 1
151536,826.61,1049.10,Area 1
151549,826.61,1049.10,Area 1
151560,826.61,1049.10,Area 1
151570,826.61,1049.10,Area 1
151584,826.61,1049.10,Area 1
151594,826.61,1049.10,Area 1
151604,826.61,1049.10,Area 1
151616,826.61,1049.10,Area 1
151626,826.61,1049.10,Area 1
151636,826.61,1049.10,Area 1
151650,826.61,1049.10,Area 1
151661,826.61,1049.10,Area 1
151672,826.61,1049.10,Area 1
151684,826.61,1049.10,Area 1
151700,826.61,1049.10,Area 1
151710,826.61,1049.10,Area 1
151722,826.61,1049.10,Area 1
151733,826.61,1049.10,Area 1
151743,826.61,1049.10,Area 1
151754,826.61,1049.10,Area 1
151766,826.61,1049.10,Area 1
151776,826.61,1049.10,Area 1
151787,826.61,1049.10,Area 1
151800,826.61,1049.10,Area 1
151810,826.61,1049.10,Area 1
151822,826.61,1049.10,Area 1
151833,826.61,1049.10,Area 1
151845,826.61,1049.10,Area 1
151856,826.61,1049.10,Area 1
151866,826.61,1049.10,Area 1
151876,826.61,1049.10,Area 1
151886,826.61,1049.10,Area 1
151901,826.61,1049.10,Area 1
151916,826.61,1049.10,Area 1
151927,826.61,1049.10,Area 1
151938,, ,Model
151949,, ,Model
151960,, ,Model
151970,, ,Model
151982,, ,Model
151993,, ,Model
152003,, ,Model
152016,, ,Model
152026,, ,Model
152037,, ,Model
